team_name,average_position
New Zealand,1.1197890079972775
South Africa,3.2547217968351200
Australia,3.3343542623787647
England,4.4197719925131870
Ireland,5.2977709715841416
France,5.6719414667347286
Wales,6.4012251148545176
Argentina,7.6380806533945891
